<?xml version="1.0" encoding="UTF-8"?>
<Module>
	<ModulePrefs title="QuickSnapshot Gadget" description="Use this gadget to easily display the QuickSnapshot view for an Element in your own custom dashboards." thumbnail="QuickSnapShotThm.png"/>
	<gadget_version>
		1.0
	</gadget_version>
	<grid_info>
		<supported_versions>
			7.3
		</supported_versions>
		<supported_platforms>
			windows,linux
		</supported_platforms>
		<requires_agent_scripts>
			false
		</requires_agent_scripts>
		<upgrade_in_place>
			true
		</upgrade_in_place>
	</grid_info>
	<Content type="html">
	<![CDATA[
	<link href="__UPTIME_HTTP_BASE__/styles/chosen/chosen.css?v=7.3.0.7" rel="stylesheet" type="text/css" />
	<style scoped="scoped">
		div {
			font-family: Verdana, Arial, Helvetica, sans-serif;
			font-size: 9px;
		}
		#error {
			padding: 5px;
			display: none;
			width: 100%;
			margin-left: auto;
			margin-right: auto;
		}
		#dest {
			background-image: url("__UPTIME_GADGET_BASE__/spinner.gif");
			background-position: 5px 5px;
			background-repeat: no-repeat;
			width: 100%;
		}
		#edit {
			padding: 5px;
			display: none;
			width: 100%;
			height: 100%;
		}
		input[type=text],label,select,button {
			max-width: 300px;
			margin-bottom: 3px;
			display: block;
			clear: both;
		}
		select {
			width: 180px;
		}
		input[type=text] {
			width: 100%;
		}
		#eg {
			color: rgba(0, 0, 0, 0.5);
		}
		#refreshInterval {
			padding-left: 6px;
			display: none;
		}
		#minutePlural {
			display: none;
		}
	</style>
	<div id="error"></div>
	<div id="dest"></div>
	<div id="edit">
		<div id = "availableEntities">
			<label for="elementEntityId">Element:</label>
			<select id="elementEntityId">
				<option value="-1">Loading...</option>
			</select>
			</div>
		<div id = "availableMetricTypes">
			<label for"metricType">Metric Type:</label>
			<select id="metricType">
				<option value="-1">Select an Element</option>
			</select>
		</div>
		<label for="scroll">Scroll bars:</label>
		<select id="scroll">
			<option value="auto">Auto</option>
			<option value="yes">Always</option>
			<option value="no">Never</option>
		</select>
		<label for="refreshRate">Refresh Rate:</label>
		<select id="refreshRate" name="refreshRate">
			<option value="30">30s</option>
			<option value="60">1m</option>
			<option value="300">5m</option>
			<option value="600">10m</option>
			<option value="900">15m</option>
			<option value="3600">1h</option>
			<option value="-1">Never</option>
		</select>
		<button id="save">Save</button>
	</div>
	#includeResources(jquery)
	<script type="text/javascript" src="__UPTIME_GADGET_BASE__/apiQueries.js?v=1"></script>
	<script type="text/javascript" src="__UPTIME_HTTP_BASE__/ajax/chosen.jquery.min.js?v=7.3.0.7"></script>
	<script>
		function entitySort(arg1, arg2) {
			return naturalSort(arg1.name, arg2.name);
		}

		function populateIdSelector(selected_EntityId) {
			var api = new apiQueries();
	    	$('#elementEntityId').empty().append($("<option />").val(-1).text("Loading..."));

	        return api.getAllElements().then(function(entities) {
	            // fill in element drop down list
	            entities.sort(entitySort);
	            var entitySelector = $('#elementEntityId').empty();
	            var hasMyInfrastructure = false;
	            $.each(entities, function() {
	            	if (this.type == "Server")
	            	{
	                	entitySelector.append($("<option />").val(this.id).text(this.name));
	                }
	            });
	            
	            $("#elementEntityId").chosen();
	            
	            if (selected_EntityId > 0) {
	                entitySelector.val(selected_EntityId);
	            }
        	});
    	}

    	function populateMetricTypeSelector(selected_EntityId) {
    		console.log("Getting Metric Types available for " + selected_EntityId);
    		var api = new apiQueries();
	        $('#metricType').empty().append($("<option />").val(-1).text("Loading..."));

	    	return api.getElements(selected_EntityId).then(function(entity_details) {
		    			
		    			//lets check if the element has a PPG monitor
		    			var metricTypeSelector = $("#metricType").empty();
		    			var hasPPG = false;
		    			console.log("HasPPG = " + hasPPG);
		    			$.each (entity_details.monitors, function() {
		    				if (this.name == "Platform Performance Gatherer")
		    				{
		    					hasPPG=true;
		    					console.log("Found a PPG Monitor!");
		    				}
		    			});

		    			metricTypeSelector.append($("<option />").val("VirtualMachineAgentWmiQuickSnapshot").text("VM Metrics"));
		    			if ( hasPPG )
		    			{
		    				metricTypeSelector.append($("<option />").val("SysStatus").text("Agent Metrics"));
		    				metricTypeSelector.val("SysStatus");

		    			}

		    			$('#metricType').chosen();
		    			

		    });
		}

		function editSettings(settings) {
			$("#save").prop("disabled", false);
			$("#error").empty().slideUp();
			$("#dest").hide();
			$("#edit").show();
			$("#scroll").chosen();
			$("#refreshRate").chosen();
			$("#scroll").val(settings ? settings.scroll : "auto");
			if (settings && settings.refreshInterval) {
				$("#refreshRate").val(settings.refreshInterval);
			} else {
				$("#refreshRate").val(-1);
			}
			var selected_EntityId = -1;
			if (settings && settings.entityId)
			{
				selected_EntityId = settings.entityId;
			}
			return populateIdSelector(selected_EntityId).then(function() {
				null;
		}, function(error) {
			displayStatusBar(error, "Error Loading the List of Elements from up.time Controller");
		});
		}

		function doRender(settings) {
			var dest = $("#dest");
			if (settings && settings.iframeUrl) {
				$("#edit").hide();
				dest.empty()
						.css("background-position", "-9999px -9999px")
						.append($('<iframe id="frame"></iframe>')
						.prop("src", settings.iframeUrl)
						.prop("scrolling", settings.scroll)
						.height(dest.data("dimensions").height)
						.width(dest.data("dimensions").width))
						.show();
				if (settings.refreshInterval && settings.refreshInterval > 0) {
					dest.data("interval", setInterval(function() {
						$("#frame").prop("src", settings.iframeUrl);
					}, settings.refreshInterval * 1000));
				}
			} else {
				editSettings(settings);
			}
		}

		function doError(status) {
			$("#error").empty();
			uptimeErrorFormatter.getErrorBox(status, "Error communicating with up.time").appendTo('#error');
			$("#error").slideDown();
			$("#save").prop("disabled", false);
		}


		$("#save").click(function() {
			$(this).prop("disabled", true);
			var settings = {
				EntityId: $('#elementEntityId').val(),
				MetricType: $('#metricType').val(),
				scroll: $("#scroll").val()
			};

			base_url = "/main.php?section=" + settings.MetricType + "&displaytab=1&active=s_pollAgent&etype=6&";

			settings.iframeUrl = base_url + "&id=" + settings.EntityId;
			settings.refreshInterval = $("#refreshRate").val();
			if (!settings.EntityId) {
				$("#error").empty();
				uptimeErrorFormatter.getErrorBox("Please select an Element").appendTo('#error');
				$("#error").slideDown();
				$("#save").prop("disabled", false);
			} else {
				$("#error").empty().slideUp();
				uptimeGadget.saveSettings(settings).then(doRender, doError);
			}
		});

		$("#elementEntityId").on('change', function(evt, params) {
	    	var entityId = $('#elementEntityId').val();
	    	if (entityId >= 1)
	    	{
	    		return populateMetricTypeSelector(entityId).then(function() {
	    			null;
	    		}, function(error) {

	    		});
	    		
	    	}
    	});

		uptimeGadget.registerOnResizeHandler(function(dimensions) {
			$("#frame").height(dimensions.height).width(dimensions.width);
			$("#dest").data("dimensions", dimensions);
		});

		uptimeGadget.registerOnEditHandler(function() {
			$("#edit").hide();
			var dest = $("#dest");
			var interval = dest.data("interval");
			if (interval) {
				clearInterval(interval);
			}
			dest.empty()
				.removeData("interval")
				.css("background-position", "5px 5px")
				.show();
			uptimeGadget.loadSettings().then(function(settings) {
				editSettings(settings);
			});
		});

		uptimeGadget.registerOnLoadHandler(function(onLoadData) {
			$("#dest").data("dimensions", onLoadData.dimensions);
			if (onLoadData.hasPreloadedSettings()) {
				doRender(onLoadData.settings);
			} else {
				uptimeGadget.loadSettings(doRender, doError);
			}
		});
	</script>
	]]>
	</Content>
</Module>
